{
    "my_object": {
        "numClassifiers": 100,
        "overlap": 9.9000000953674316e-01,
        "searchFactor": 1.7999999523162842e+00,
        "iterationInit": 50,
        "samplerSearchFactor": 1.7999999523162842e+00
    }
}
